[
    {
        "filePath": "captcha1.png",
        "value": "TsPUxd"
    }, 
    {
        "filePath": "captcha2.png",
        "value": "klyNiI"
    },
    {
        "filePath": "captcha3.png",
        "value": "uW8f8x"
    },
    {
        "filePath": "captcha4.png",
        "value": "IcdcuI"
    },
    {
        "filePath": "captcha5.png",
        "value": "bDv9re"
    },
    {
        "filePath": "captcha6.png",
        "value": "s3uoFn"
    },
    {
        "filePath": "captcha7.png",
        "value": "yBq5Ft"
    },
    {
        "filePath": "captcha8.png",
        "value": "BTKo4P"
    }
]